configuration,kendall_Euclidean_fixed,kendall_Euclidean_optimized,kendall_InnerProduct_fixed,kendall_InnerProduct_optimized,kendall_Manhattan_fixed,kendall_Manhattan_optimized,loss,mapping_loss,berlin_loss,sketchy_loss,classification_loss,mapping_weighted_med,mapping_weighted_r2,berlin_weighted_acc,sketchy_weighted_acc
c1.0_r0.0_m0.0625_b512_w0.001_v0.0_eTrue_dFalse_n0.1_mean_4,0.2553081708264074,0.4044704820093427,0.3027666972198134,0.35830592080132745,0.25456106377901033,0.40237703048058054,3.912315040111151,0.4477430424391177,2.299414386708489,1.1032715522584369,1.7105753981861913,0.6133320104921716,0.5409815373417795,0.436925517029768,0.7116065628942895
c1.0_r0.0_m1.0_b512_w0.001_v0.0_eTrue_dFalse_n0.1_mean_4,0.321543047920434,0.43827688939597803,0.35421005557636287,0.36545863107695964,0.32159081891612706,0.43515801459516823,4.538465217485975,0.4922955785159878,2.308231205142848,1.1188286533725067,1.722929846184273,0.6533725472698719,0.4924614654915679,0.4345703253390359,0.7100811532658631
c1.0_r0.0_m0.5_b512_w0.001_v0.0_eTrue_dFalse_n0.1_mean_4,0.290401057514992,0.41777723966636665,0.31328936845691185,0.36347455396907125,0.2900530862731401,0.411372150719301,4.7686084641898265,0.5104788695892358,2.6906153286783425,1.3596738974498919,2.037332374800864,0.6546395855054792,0.4806839083431746,0.371535477203033,0.6530572542811515
c1.0_r0.0_m2.0_b512_w0.001_v0.0_eTrue_dFalse_n0.1_mean_4,0.3371722558665405,0.4309981114661114,0.34452481250420147,0.37068931878314154,0.3371850470074638,0.42993516649783425,5.470118089298733,0.5485800498864324,2.620293205738415,1.2566510972941507,1.9492747442181972,0.6797286245965408,0.4425703424674191,0.37406664689022007,0.670196379771047
c1.0_r0.0_m0.25_b512_w0.001_v0.0_eTrue_dFalse_n0.1_mean_4,0.272694202821774,0.4026158834007928,0.31256183968643814,0.35916614095403354,0.2727495440845441,0.40482336301345834,4.445899640831792,0.5183780408969194,2.6353281411118394,1.2895393533596249,1.9737834040440496,0.658467529405024,0.47400646322704104,0.3759486781798914,0.6653273682310933
c1.0_r0.0_m0.125_b512_w0.001_v0.0_eTrue_dFalse_n0.1_mean_4,0.2630507267403825,0.4079762819490834,0.31595619081757165,0.36588145300746644,0.26306795562407514,0.4061748018839085,4.052735859582072,0.46487333445582546,2.4380364866993305,1.1582589409597097,1.807866854906815,0.6230502535954624,0.5323956245563128,0.408414082490446,0.6928818167640538
