configuration,kendall_Euclidean_fixed,kendall_Euclidean_optimized,kendall_InnerProduct_fixed,kendall_InnerProduct_optimized,kendall_Manhattan_fixed,kendall_Manhattan_optimized,loss,mapping_loss,berlin_loss,sketchy_loss,classification_loss,mapping_weighted_med,mapping_weighted_r2,berlin_weighted_acc,sketchy_weighted_acc
c1.0_r0.0_m2.0_b512_w0.001_v0.0_eTrue_dFalse_n0.25_mean_4,0.358666593491514,0.4496037666073778,0.38347931853315814,0.34955316142018766,0.35561682003423245,0.4485202379661161,4.979333295923764,0.5095875363945145,2.15439470403159,0.9961938458743154,1.5829851255955754,0.6683027135697317,0.47534012375162327,0.4684906531048603,0.7445681643554423
c1.0_r0.0_m1.0_b512_w0.001_v0.0_eTrue_dFalse_n0.25_mean_4,0.3519622083418638,0.45050539719184457,0.38239938077806324,0.3462122562532762,0.34551495122914105,0.44505533704589606,4.367809769837974,0.49146250560761817,2.0327485582926537,0.9726145714628404,1.510062626013697,0.656246643584408,0.502648251054889,0.49378222140662575,0.7498752576165513
c1.0_r0.0_m0.5_b512_w0.001_v0.0_eTrue_dFalse_n0.25_mean_4,0.33300038609785565,0.44288536699707653,0.35497047585206776,0.34469534728667384,0.32832019899931614,0.437378286148284,4.135117218839341,0.5248415432929499,2.08529279069405,0.9822675900094089,1.541564555247299,0.6821830744190887,0.4628427222520686,0.48132966596843996,0.745124682226997
c1.0_r0.0_m0.125_b512_w0.001_v0.0_eTrue_dFalse_n0.25_mean_4,0.2988711421994409,0.42944783576316875,0.32071867194011255,0.33231299854998364,0.29155304332916515,0.428212377573068,3.92354626658041,0.4317840354206326,2.2628440958105154,0.9712695758796617,1.6241327126195195,0.6075782515565178,0.559067228256642,0.4429447827286407,0.7477009206454285
c1.0_r0.0_m0.25_b512_w0.001_v0.0_eTrue_dFalse_n0.25_mean_4,0.31823223077084034,0.443878182276915,0.32852727190824266,0.33203426027090593,0.31191497341688895,0.43627427285700904,3.9562801302120336,0.4878465729065602,2.06999010096608,0.9661562867404985,1.525630587042355,0.6512704400095588,0.4960540925924876,0.48409748953590626,0.7498648859651362
