configuration,kendall_Euclidean_fixed,kendall_Euclidean_optimized,kendall_InnerProduct_fixed,kendall_InnerProduct_optimized,kendall_Manhattan_fixed,kendall_Manhattan_optimized,loss,mapping_loss,berlin_loss,sketchy_loss,classification_loss,mapping_weighted_med,mapping_weighted_r2,berlin_weighted_acc,sketchy_weighted_acc
c1.0_r0.0_m1.0_b512_w0.001_v0.0_eTrue_dFalse_n0.25_mean_4,0.3207330293431897,0.4375762388049996,0.324051938847245,0.36668888436728436,0.3199133521493299,0.4295826441991174,5.247103379355101,0.5199840711191933,3.2103124061787915,1.3167080110530385,2.272220241852569,0.6664494298537494,0.46856541706955895,0.28276296561949077,0.657907538428414
c1.0_r0.0_m0.125_b512_w0.001_v0.0_eTrue_dFalse_n0.25_mean_4,0.2606034421249571,0.3974299383339687,0.30514088960139146,0.3418918502749495,0.2582289886996868,0.396803305589538,4.450335853542265,0.4520375301152004,3.268550002018556,1.1451364366153713,2.2116163195149334,0.6194893858695912,0.533832047692548,0.2598727889790524,0.6941734621469113
c1.0_r0.0_m2.0_b512_w0.001_v0.0_eTrue_dFalse_n0.25_mean_4,0.31912369498008597,0.4239353870294539,0.3297862856362636,0.3624909070054365,0.31775974168775556,0.41490987068526286,5.817964229538011,0.5263815467931008,3.305176225646677,1.3101228168168029,2.3172602397938245,0.6790402293746893,0.4555848155455366,0.2613821431073742,0.6553122682310519
c1.0_r0.0_m0.0625_b512_w0.001_v0.0_eTrue_dFalse_n0.25_mean_4,0.25699007533597384,0.39641550025251826,0.2819570771997745,0.35267630391073346,0.25653403200550473,0.39362307251080786,4.726671192700746,0.48242368412081155,3.5898099553016656,1.3032285251542193,2.4531450240564157,0.642278962198416,0.49787320713739963,0.21271315855183565,0.6561737124656067
c1.0_r0.0_m0.25_b512_w0.001_v0.0_eTrue_dFalse_n0.25_mean_4,0.2949359085378368,0.4264850912815718,0.3071780745761946,0.36276775016995094,0.2938729386227422,0.4202884940202596,4.986338222228113,0.5123511164747018,3.5422629127508243,1.3808769756863353,2.47127530185551,0.6548264700863969,0.4777784111257569,0.22728251595480034,0.6404292280657369
c1.0_r0.0_m0.5_b512_w0.001_v0.0_eTrue_dFalse_n0.25_mean_4,0.3033968566930547,0.4199615508872494,0.3191654619708559,0.34954589704846506,0.30168179963456465,0.4148947940843005,4.927836668172039,0.5427353471351364,3.119181949364144,1.3122387688211732,2.2255808175735785,0.6775727432736373,0.44328535351884313,0.29741951873771477,0.6602428784324987
