configuration,kendall_Euclidean_fixed,kendall_Euclidean_optimized,kendall_InnerProduct_fixed,kendall_InnerProduct_optimized,kendall_Manhattan_fixed,kendall_Manhattan_optimized,loss,mapping_loss,berlin_loss,sketchy_loss,classification_loss,mapping_weighted_med,mapping_weighted_r2,berlin_weighted_acc,sketchy_weighted_acc
c1.0_r0.0_m0.5_b512_w0.0005_v0.0_eTrue_dFalse_n0.1_mean_4,0.31402446749446256,0.43524471194461123,0.3550748933289926,0.36146391841499576,0.3143985431055457,0.430300841183366,3.952742726360384,0.48989740125807113,2.2493906864516697,1.123970079092657,1.6943901976043083,0.6439187600665173,0.4948423315529006,0.45210365908752986,0.7173996905839835
c1.0_r0.0_m0.125_b512_w0.0005_v0.0_eTrue_dFalse_n0.1_mean_4,0.28463721278874216,0.42482860254162025,0.3231202739093833,0.3474991416816703,0.28468393960966604,0.42126627098715586,3.6096979971152834,0.44854752308090945,2.0786355996877584,1.0715740333568367,1.5823150253897809,0.6188939092473216,0.5312161595893449,0.4840637810889815,0.7363721684793958
c1.0_r0.0_m0.25_b512_w0.0005_v0.0_eTrue_dFalse_n0.1_mean_4,0.28834559948172706,0.4178113255968646,0.32844399897039506,0.35954308441838034,0.28897497582389137,0.41544370751477955,3.7058562710289102,0.4773430775799393,2.19252860425221,1.0820148827788283,1.6447205429150433,0.6424117594786619,0.5049833456297452,0.45957864134096715,0.7250157057631211
c1.0_r0.0_m0.0625_b512_w0.0005_v0.0_eTrue_dFalse_n0.1_mean_4,0.2540603819771558,0.40324376433080544,0.2975865461895733,0.35290633558579587,0.2533965478676063,0.4044210867255951,3.641647396154677,0.43509038999058236,2.275139569746799,1.1146438191145172,1.7030470248987442,0.6044693208217409,0.5598911048815742,0.44092300973515036,0.7127243446880677
c1.0_r0.0_m2.0_b512_w0.0005_v0.0_eTrue_dFalse_n0.1_mean_4,0.3260204693309701,0.42549766715904414,0.35724312223733645,0.37658492670379456,0.3243761551130966,0.4230992964760355,4.741285263598161,0.4985241874138235,2.2928177166575057,1.1107907695718964,1.7103945773237066,0.6600407380182485,0.49128856102438023,0.43623587780081835,0.7135469169162335
c1.0_r0.0_m1.0_b512_w0.0005_v0.0_eTrue_dFalse_n0.1_mean_4,0.3152132604692516,0.4333148969649261,0.3378420939810132,0.371952744240874,0.3146300888606265,0.4295635870865298,4.5491116216296055,0.5267120711815074,2.5745094147622125,1.2443492527620226,1.919296023837416,0.6720949009161268,0.4597785839063251,0.38675555735420986,0.6770985242861216
