configuration,kendall_Euclidean_fixed,kendall_Euclidean_optimized,kendall_InnerProduct_fixed,kendall_InnerProduct_optimized,kendall_Manhattan_fixed,kendall_Manhattan_optimized,loss,mapping_loss,berlin_loss,sketchy_loss,classification_loss,mapping_weighted_med,mapping_weighted_r2,berlin_weighted_acc,sketchy_weighted_acc
c1.0_r0.0_m1.0_b512_w0.0005_v0.0_eTrue_dFalse_n0.1_mean_4,0.33682976654222707,0.4474374870653593,0.37063727408986724,0.35416165806608096,0.3359970371637517,0.4392725205370371,4.021244041362747,0.5061745477860043,1.9124981041689177,1.040273594371999,1.4841602009568056,0.670652180151645,0.4773058089218553,0.5244806472784184,0.7499028116852534
c1.0_r0.0_m0.125_b512_w0.0005_v0.0_eTrue_dFalse_n0.1_mean_4,0.2861724107432293,0.42045521886979564,0.3340499122627961,0.3395707314171713,0.28598054362937997,0.4182260085086037,3.4754783611348414,0.45276365841205424,1.9271213393358906,1.011822208870532,1.4774661094514072,0.6278970099029324,0.5351837291220035,0.5192693965099023,0.7553682588990595
c1.0_r0.0_m0.25_b512_w0.0005_v0.0_eTrue_dFalse_n0.1_mean_4,0.31063116053809836,0.44702856283573783,0.3407459440142923,0.3462207889544495,0.3103479281319398,0.44295018420100474,3.5557880037874474,0.4638773634577781,1.8874182923580651,1.0130857524593346,1.4579341422923764,0.6369169786989464,0.5238138911491397,0.5300351313904661,0.7580053652348089
c1.0_r0.0_m2.0_b512_w0.0005_v0.0_eTrue_dFalse_n0.1_mean_4,0.3587590029585924,0.455704884078325,0.38844280329877934,0.3569963904568636,0.35724416641210566,0.45268275864308105,4.541698489900886,0.5276930538909197,1.8868961155677475,1.0206027371067492,1.4617353828967108,0.6903847122800879,0.4564994090249247,0.5347265270840926,0.7560889720610908
c1.0_r0.0_m0.5_b512_w0.0005_v0.0_eTrue_dFalse_n0.1_mean_4,0.33332995375939956,0.45932433749423496,0.3701329376763204,0.3583910951818153,0.3323716623649221,0.45699381152255103,3.6856439236390783,0.48561848687890236,1.8187425406759352,1.0207707937674446,1.428066982302656,0.6524715119332337,0.5042984645428301,0.5516317881792784,0.7658574133953111
