configuration,kendall_Euclidean_fixed,kendall_Euclidean_optimized,kendall_InnerProduct_fixed,kendall_InnerProduct_optimized,kendall_Manhattan_fixed,kendall_Manhattan_optimized,loss,mapping_loss,berlin_loss,sketchy_loss,classification_loss,mapping_weighted_med,mapping_weighted_r2,berlin_weighted_acc,sketchy_weighted_acc
c1.0_r0.0_m2.0_b64_w0.001_v0.0_eTrue_dFalse_n0.1_mean_4,0.27908742389018815,0.38880226037237575,0.26887696090909496,0.3695912100497461,0.2819620370299284,0.3792914245173071,6.25645629150633,0.6016048411579911,3.3142219486459275,1.6189621489184316,2.482667622009946,0.713806213968595,0.3688073058626584,0.25435216302847274,0.5893829783092268
c1.0_r0.0_m0.5_b64_w0.001_v0.0_eTrue_dFalse_n0.1_mean_4,0.2636281553877768,0.35938248660773053,0.2581258764412236,0.3747805196782757,0.2653178912081126,0.3590816348396535,5.24592922086833,0.7178855490720165,3.280544089314256,1.5749118584147244,2.44151301306193,0.7615961599034305,0.2543581116633666,0.25904910971837536,0.5984308665824718
c1.0_r0.0_m0.25_b64_w0.001_v0.0_eTrue_dFalse_n0.1_mean_4,0.2382599293688926,0.34647746733478363,0.24136661035109822,0.37953302024734625,0.23964058945753094,0.3450973199809376,5.42295890852506,0.7600894813073928,3.639661176371856,1.7806931121620977,2.7264770653565398,0.7890226317625337,0.20802396926443745,0.19823446937687086,0.5495592374710274
c1.0_r0.0_m0.125_b64_w0.001_v0.0_eTrue_dFalse_n0.1_mean_4,0.23752613554980342,0.33776621971101345,0.1992096203048574,0.3586721015551578,0.2436601402317518,0.3385210956886148,5.841575061212602,0.7550919749645406,3.940344975744506,2.100450666938844,3.041690386126862,0.8105923114771519,0.2087776713320936,0.15540892299560252,0.48261500174928396
c1.0_r0.0_m1.0_b64_w0.001_v0.0_eTrue_dFalse_n0.1_mean_4,0.2972816471569529,0.36858122614760225,0.3009775037527067,0.3820743050976369,0.29732994024003057,0.369065151565505,5.408360717395095,0.7788013106219884,2.985136967897078,1.4223033792488888,2.2169011878639946,0.7557585723697838,0.21798083349274688,0.30996283822001003,0.6369869529339134
c1.0_r0.0_m0.0625_b64_w0.001_v0.0_eTrue_dFalse_n0.1_mean_4,0.23210060344878997,0.31189697258978955,0.2206313877833681,0.35622869104632704,0.23632820604578347,0.3112861306730701,5.080270671147597,1.006971095264029,3.394336986571582,1.7371169199769618,2.5814979469532853,0.8345289087288592,-0.009065384381592323,0.24345461595566548,0.5601784690268705
