configuration,kendall_Euclidean_fixed,kendall_Euclidean_optimized,kendall_InnerProduct_fixed,kendall_InnerProduct_optimized,kendall_Manhattan_fixed,kendall_Manhattan_optimized,loss,mapping_loss,berlin_loss,sketchy_loss,classification_loss,mapping_weighted_med,mapping_weighted_r2,berlin_weighted_acc,sketchy_weighted_acc
c1.0_r0.0_m2.0_b64_w0.001_v0.0_eTrue_dFalse_n0.1_mean_4,0.3271024954356035,0.38940042477589926,0.33683394324130406,0.3713171464422313,0.32913028283748347,0.383297020147046,6.079460276461038,0.9576607660853685,2.441794009574339,1.1944489406978498,1.828870491308169,0.8032509433397987,0.10943561515095797,0.4100127113188388,0.6951375226418504
c1.0_r0.0_m0.125_b64_w0.001_v0.0_eTrue_dFalse_n0.1_mean_4,0.2711947678531336,0.31806922362692325,0.3023098707582673,0.34382428331062953,0.27017487014727043,0.3208016707585596,3.9855385307100946,1.1429209521778296,2.163847550997313,1.10256274916686,1.642338500157927,0.8658348169616783,-0.17889833046165254,0.4633139039665949,0.7201844950342765
c1.0_r0.0_m0.5_b64_w0.001_v0.0_eTrue_dFalse_n0.1_mean_4,0.3023761758561146,0.3698469138317774,0.3273927760214545,0.36685673401633256,0.3005086692813143,0.36944036677111414,4.5293775772602825,0.90646584656998,2.3574731085083016,1.1782658561029395,1.7776465937960342,0.800574637460404,0.059983539159219244,0.4305308948508052,0.7033920619637264
c1.0_r0.0_m0.25_b64_w0.001_v0.0_eTrue_dFalse_n0.1_mean_4,0.29456600962583074,0.35849318958377596,0.3267412109654436,0.35989429132160045,0.29320518885780794,0.3593827296023071,4.074251513547976,0.973173211535071,2.062726631860978,1.0860126851720886,1.5838774316035333,0.8066404684851062,0.010858330297368952,0.48650031835700647,0.7314541670204187
c1.0_r0.0_m1.0_b64_w0.001_v0.0_eTrue_dFalse_n0.1_mean_4,0.3153972962723316,0.39777496015609964,0.33455398763265076,0.38303638610169194,0.3124790888359753,0.3925827176186941,4.9832032717278745,0.8315350928837058,2.4484746683142893,1.202736612569504,1.8357707914791146,0.7626946175781811,0.17916994558567384,0.4121786380158222,0.6937581083637768
