dims,total,total_u,total_n,total_s,sim_s_s,sim_s_s_u,sim_s_s_n,sim_s_s_s,sim_s_d,sim_s_d_u,sim_s_d_n,sim_s_d_s,sim_d_s,sim_d_s_u,sim_d_s_n,sim_d_s_s,sim_d_d,sim_d_d_u,sim_d_d_n,sim_d_d_s,art_a_a,art_a_a_u,art_a_a_n,art_a_a_s,art_a_n,art_a_n_u,art_a_n_n,art_a_n_s,art_n_a,art_n_a_u,art_n_a_n,art_n_a_s,art_n_n,art_n_n_u,art_n_n_n,art_n_n_s
1,143,440.09000000000003,440.8900000000001,442.6900000000002,10,99.3,98.94000000000001,100.51999999999998,14,120.29999999999998,120.56999999999998,121.05999999999999,82,120.07999999999998,120.12,120.66999999999999,37,100.41,101.25999999999999,100.43999999999998,34,98.67000000000002,99.63999999999999,100.40999999999998,36,120.55999999999997,120.40000000000002,119.82999999999998,26,120.95999999999998,120.72,122.10999999999997,47,99.89999999999999,100.12999999999998,100.34000000000002
2,12,145.19000000000005,164.03,121.79999999999997,0,32.59,37.15,27.240000000000002,0,40.53999999999999,44.48999999999998,33.54,8,39.17,45.12000000000001,33.67,4,32.89,37.269999999999996,27.35,2,32.0,38.06000000000001,28.03,3,39.85,44.489999999999995,33.42,0,39.95000000000001,43.96,32.26,7,33.38999999999999,37.52,28.089999999999996
3,1,22.430000000000017,32.26,6.249999999999993,0,4.97,7.359999999999999,1.2400000000000004,0,6.32,8.92,1.800000000000001,0,5.960000000000001,8.76,1.9500000000000006,1,5.180000000000001,7.2200000000000015,1.2600000000000007,0,5.3,6.98,1.2500000000000004,0,5.7700000000000005,8.520000000000001,1.830000000000001,0,6.3900000000000015,9.149999999999999,1.800000000000001,1,4.969999999999999,7.61,1.3700000000000008
4,0,1.640000000000001,2.5199999999999982,0.0,0,0.41000000000000014,0.6600000000000004,0.0,0,0.4600000000000001,0.6500000000000002,0.0,0,0.38000000000000017,0.6700000000000003,0.0,0,0.3900000000000001,0.5400000000000003,0.0,0,0.34,0.5900000000000002,0.0,0,0.4800000000000002,0.7200000000000004,0.0,0,0.4800000000000002,0.6300000000000001,0.0,0,0.3400000000000001,0.5800000000000002,0.0
5,0,0.0,0.0,0.0,0,0.0,0.0,0.0,0,0.0,0.0,0.0,0,0.0,0.0,0.0,0,0.0,0.0,0.0,0,0.0,0.0,0.0,0,0.0,0.0,0.0,0,0.0,0.0,0.0,0,0.0,0.0,0.0
