regressor,targets,train_mse,train_med,train_r2,test_mse,test_med,test_r2
lasso regression (beta = 0.02),correct,0.2740701010311348,0.4130101690561097,0.7259298989688652,0.7795177750826568,0.7025799262979784,0.22048222491734315
