regressor,targets,train_mse,train_med,train_r2,test_mse,test_med,test_r2
lasso regression (beta = 0.02),correct,0.4371328996186917,0.6386159850307239,0.5491951139876097,0.797033690191015,0.8715031692582867,0.17907132841161158
