regressor,targets,train_mse,train_med,train_r2,test_mse,test_med,test_r2
lasso regression (beta = 0.02),correct,0.44831839243693716,0.6466146461152257,0.5381527991285525,0.8149222768271422,0.8794420177296489,0.16026491020593628
