regressor,targets,train_mse,train_med,train_r2,test_mse,test_med,test_r2
lasso regression (beta = 0.02),correct,0.2802336075904086,0.4162911885255479,0.7197663924095914,0.7819209359820524,0.6988813155247859,0.21807906401794763
