regressor,targets,train_mse,train_med,train_r2,test_mse,test_med,test_r2
lasso regression (beta = 0.02),correct,0.44728698143736545,0.6475064829801214,0.5424642267194564,0.7859875492443542,0.8676122416313574,0.20125305378839572
