regressor,train_mse,train_med,train_r2,test_mse,test_med,test_r2
lasso regression (beta = 0.02),0.26899975194325454,0.5020631805504516,0.7182270519631855,0.6036682201965058,0.7503117132608684,0.365233185097899
