regressor,train_mse,train_med,train_r2,test_mse,test_med,test_r2
lasso regression (beta = 0.02),0.21368123440490844,0.4397227171130157,0.783803481488687,0.5151332337614309,0.6826423241227373,0.48123602673823196
