regressor,train_mse,train_med,train_r2,test_mse,test_med,test_r2
lasso regression (beta = 0.02),0.2310407982905423,0.4594194659087402,0.7622848982529649,0.5305439541463494,0.695668197564061,0.4519417004638367
