regressor,train_mse,train_med,train_r2,test_mse,test_med,test_r2
lasso regression (beta = 0.02),0.1961478675899378,0.41585652553436986,0.8019307376290303,0.466617369644266,0.6439818613743837,0.5287907133759745
