regressor,train_mse,train_med,train_r2,test_mse,test_med,test_r2
lasso regression (beta = 0.02),0.2493982712703003,0.47989689385960566,0.744750290519393,0.56005334341272,0.7187791576692801,0.42982619972225394
