regressor,train_mse,train_med,train_r2,test_mse,test_med,test_r2
linear regression,0.044970829490756654,0.19362084243030872,0.954891429703417,0.5472251391202093,0.6840683305061296,0.4504097533951339
