regressor,train_mse,train_med,train_r2,test_mse,test_med,test_r2
linear regression,0.047853514789771734,0.20044422192173741,0.9519787340220096,0.5248906022554249,0.6684078950778399,0.4727192037590558
