regressor,train_mse,train_med,train_r2,test_mse,test_med,test_r2
linear regression,0.04497258261179871,0.1936265244799858,0.9548898837970272,0.5472473151141418,0.684099288234749,0.45038961174083847
