regressor,train_mse,train_med,train_r2,test_mse,test_med,test_r2
linear regression,0.04497307111555063,0.19362795134255725,0.9548889154848951,0.5471493972427852,0.6840317303434299,0.4504767363770473
