regressor,train_mse,train_med,train_r2,test_mse,test_med,test_r2
linear regression,0.0918721699862566,0.2757537382540549,0.9076671802407923,7.919665718840936,0.8131508403612075,-7.200201885765059
