regressor,train_mse,train_med,train_r2,test_mse,test_med,test_r2
linear regression,0.0389316095567173,0.17992064227320267,0.9609259024319174,0.5299608100358252,0.6733209099057696,0.4675605397024677
