regressor,train_mse,train_med,train_r2,test_mse,test_med,test_r2
linear regression,0.038934262317802434,0.17992892529819535,0.9609229274823928,0.5301046595216716,0.6734041684984163,0.46740339476972553
