regressor,train_mse,train_med,train_r2,test_mse,test_med,test_r2
linear regression,0.03893265439346165,0.17992282494443776,0.9609248538325288,0.5300301231778575,0.6733601288112704,0.4674804083689879
