regressor,train_mse,train_med,train_r2,test_mse,test_med,test_r2
lasso regression (beta = 0.02),0.3371926996959183,0.5298736544193885,0.6596541490715114,0.7145428134077407,0.782193057527754,0.27898211390405736
