regressor,train_mse,train_med,train_r2,test_mse,test_med,test_r2
lasso regression (beta = 0.02),0.4214864870978349,0.6240272348299737,0.5715369631178389,0.7680383115717714,0.852204328184731,0.2178893616716156
