regressor,train_mse,train_med,train_r2,test_mse,test_med,test_r2
lasso regression (beta = 0.02),0.2877306394997838,0.466910621917092,0.7087572908488362,0.6637195083716512,0.7159045457524453,0.33365481201481684
