regressor,targets,train_mse,train_med,train_r2,test_mse,test_med,test_r2
zero baseline,correct,0.12499999999997743,0.9981101851097006,0.0,0.12499999999999564,0.9981101851097004,-1.887379141862766e-15
