regressor,targets,train_mse,train_med,train_r2,test_mse,test_med,test_r2
zero baseline,correct,1.0000000000009879,0.9940061133069611,3.161360062620133e-14,0.9999999999998203,0.9940061133069612,-1.609823385706477e-15
linear regression,correct,0.39375312283312225,0.5759838569434443,0.6054662655665655,0.7539863691176026,0.817418202367783,0.24398567051612827
linear regression,shuffled,0.5604167607564017,0.7007565544108114,0.43860396530240403,1.25919465130455,1.0900177896869976,-0.2586084187966429
