regressor,targets,train_mse,train_med,train_r2,test_mse,test_med,test_r2
zero baseline,correct,1.0000000000026719,0.994006113306961,-1.7486012637846216e-15,0.9999999999998062,0.9940061133069611,-1.6209256159527285e-14
linear regression,correct,0.19397362683102976,0.3954419848680294,0.8050457669099755,0.6337292965789942,0.7380831532298883,0.36260766498464103
linear regression,shuffled,0.30187823956158205,0.5013803785153151,0.6993636669851437,1.346868741263898,1.1207717535017867,-0.34843108321762567
