regressor,targets,train_mse,train_med,train_r2,test_mse,test_med,test_r2
zero baseline,correct,1.0000000000009879,0.9940061133069611,3.161360062620133e-14,0.9999999999998203,0.9940061133069612,-1.609823385706477e-15
linear regression,correct,0.1919364816747712,0.39320956099924176,0.8070886141046187,3.3460710583896325,1.729461929574976,-2.2726467356085154
linear regression,shuffled,0.31787663136245264,0.5145862282797821,0.681141827416041,3.827235102069885,1.855222173560109,-2.8562371128485764
