regressor,targets,train_mse,train_med,train_r2,test_mse,test_med,test_r2
zero baseline,correct,0.9999999999998364,0.9781347695407786,-2.4980018054066022e-15,0.9999999999998335,0.9781347695407783,-1.4155343563970746e-15
linear regression,correct,0.38575327466821585,0.5663954184823791,0.5978363989990314,0.7596989849354447,0.8155199934791582,0.21217351389983227
linear regression,shuffled,0.5832951766199732,0.7067013868348845,0.42243923328469424,1.338426466077287,1.1090434738622772,-0.3408438301952536
