regressor,targets,train_mse,train_med,train_r2,test_mse,test_med,test_r2
zero baseline,correct,1.0000000000009794,0.9781347695407784,7.438494264988549e-15,1.000000000000531,0.9781347695407786,-1.2212453270876722e-14
linear regression,correct,0.19012854092749548,0.39084747063669356,0.7997313640112921,0.6339859242078849,0.7368077019451367,0.34363964259520396
linear regression,shuffled,0.2904284442635249,0.48882717394391606,0.7073612655076083,1.2415774395815542,1.0677130844085632,-0.2581057298600024
