regressor,targets,train_mse,train_med,train_r2,test_mse,test_med,test_r2
zero baseline,correct,0.9999999999998364,0.9781347695407786,-2.4980018054066022e-15,0.9999999999998335,0.9781347695407783,-1.4155343563970746e-15
linear regression,correct,0.1883248724443305,0.3889050288211508,0.8014869162125253,3.253350693354018,1.7185123657266617,-2.428930493176189
linear regression,shuffled,0.3348781246312066,0.5219374214131942,0.6715868224397705,4.0402201207638955,1.888072328931845,-3.031851134956348
