regressor,targets,train_mse,train_med,train_r2,test_mse,test_med,test_r2
zero baseline,correct,0.9999999999996048,0.9956952255294982,4.052314039881821e-15,0.9999999999998643,0.9956952255294981,1.2795320358804929e-14
