regressor,targets,train_mse,train_med,train_r2,test_mse,test_med,test_r2
linear regression,correct,0.5210851644835728,0.6770576726784021,0.47755169060452113,1.4044126339013807,1.1137145795311003,-0.410129546680246
linear regression,shuffled,0.5835116892033967,0.7196152611248051,0.41671051804719783,1.5912096242135585,1.1908834364756626,-0.5904611248213251
random forest regression,correct,0.006962968923228228,0.05253165303651666,0.9930132084124361,0.9467361791506628,0.9305978587276595,0.05173088645733073
random forest regression,shuffled,0.008320207370463885,0.06063726080775203,0.99169252221374,1.1675600836544182,1.0572368839276434,-0.1657833523776806
