regressor,targets,train_mse,train_med,train_r2,test_mse,test_med,test_r2
linear regression,correct,0.5051660147394152,0.6668305279544638,0.4935265616113613,1.338392100353266,1.0946551801785218,-0.3415209623459761
linear regression,shuffled,0.5997340545857501,0.7291644610971953,0.39959533454541996,1.6109861576225926,1.2113499806231547,-0.6099179109799389
random forest regression,correct,0.0060143305236012795,0.04730059970362375,0.9939600518089368,0.9001897200964124,0.9111250978241134,0.09718106078481151
random forest regression,shuffled,0.007309767919174969,0.05468449226543036,0.9926700461797744,1.215131610046352,1.072941045394911,-0.2156098616754618
