regressor,targets,train_mse,train_med,train_r2,test_mse,test_med,test_r2
zero baseline,correct,1.0000000000009879,0.9940061133069611,3.161360062620133e-14,0.9999999999998203,0.9940061133069612,-1.609823385706477e-15
linear regression,correct,0.05338497317599831,0.20812125706047868,0.946363280533435,0.4837912562055908,0.6368445226321441,0.5131950634263234
linear regression,shuffled,0.10116717525777563,0.2883498005252958,0.8988821447021594,1.2557797150323375,1.0893676307956306,-0.2557694890432463
