regressor,targets,train_mse,train_med,train_r2,test_mse,test_med,test_r2
zero baseline,correct,1.0000000000009794,0.9781347695407784,7.438494264988549e-15,1.000000000000531,0.9781347695407786,-1.2212453270876722e-14
linear regression,correct,0.02004144334919107,0.12891297226871587,0.979032763970748,0.3949834340892813,0.5827034081000866,0.5788769203846098
linear regression,shuffled,0.03930648924089689,0.17986943880459,0.9602488540309742,1.2144237038345762,1.062897698137934,-0.22414459819522164
