regressor,targets,train_mse,train_med,train_r2,test_mse,test_med,test_r2
zero baseline,correct,0.9999999999998364,0.9781347695407786,-2.4980018054066022e-15,0.9999999999998335,0.9781347695407783,-1.4155343563970746e-15
linear regression,correct,0.055059210783062626,0.21117350182411834,0.9422015927147691,0.5053295589091598,0.6497097173571821,0.47435325976024
linear regression,shuffled,0.10625170318862648,0.29334177944054846,0.896065584055729,1.319234869011035,1.0996075093177888,-0.3025114531534757
