regressor,targets,train_mse,train_med,train_r2,test_mse,test_med,test_r2
zero baseline,correct,1.0000000000000002,0.8664134391941218,0.0,0.9999999999999999,0.8664134391941221,0.0
