regressor,targets,train_mse,train_med,train_r2,test_mse,test_med,test_r2
zero baseline,correct,0.9999999999999098,0.9973187665583502,-1.8503717077085943e-16,1.0000000000001246,0.9973187665583505,-2.7385501274087196e-15
