regressor,targets,train_mse,train_med,train_r2,test_mse,test_med,test_r2
lasso regression (beta = 0.005),correct,0.021151800418313733,0.13713615570807755,0.9786077283200865,0.597410449603323,0.7526660956444244,0.39335573015191555
