regressor,targets,train_mse,train_med,train_r2,test_mse,test_med,test_r2
lasso regression (beta = 0.005),correct,0.01553319714822085,0.10763376272204316,0.9842637797564774,0.46672591130046653,0.6236134607398209,0.52769659945125
