regressor,targets,train_mse,train_med,train_r2,test_mse,test_med,test_r2
linear regression,correct,0.04784184864021672,0.20035439846202055,0.9521215003602852,0.5615733478473433,0.6939837447377493,0.4385361265997591
