regressor,targets,train_mse,train_med,train_r2,test_mse,test_med,test_r2
linear regression,correct,0.04473233151599785,0.19309151314288805,0.9550965737199285,0.5269452984359175,0.6704310007874852,0.4661625373761676
