regressor,targets,train_mse,train_med,train_r2,test_mse,test_med,test_r2
linear regression,correct,0.04737248534979374,0.19942612998101875,0.9524658966736735,0.4870296591328537,0.6450600209384733,0.5121148977600666
