regressor,targets,train_mse,train_med,train_r2,test_mse,test_med,test_r2
linear regression,correct,0.04408118141577922,0.19173045143474748,0.9559344507165719,0.5885470539036322,0.7128155010812183,0.4115385221799097
