regressor,targets,train_mse,train_med,train_r2,test_mse,test_med,test_r2
linear regression,correct,0.0500366572247648,0.2053015162539695,0.9496033863248887,0.5059278594368615,0.6570970517666186,0.4921585022052286
