regressor,targets,train_mse,train_med,train_r2,test_mse,test_med,test_r2
linear regression,correct,0.045434100874434336,0.1947251908046505,0.9544682658810795,0.5077504868865621,0.6608133305301238,0.49169933633565543
