regressor,targets,train_mse,train_med,train_r2,test_mse,test_med,test_r2
linear regression,correct,0.04473684094848787,0.19309733562807263,0.9550921836068974,0.5269754676575285,0.6705106752528739,0.46614456987641834
