regressor,targets,train_mse,train_med,train_r2,test_mse,test_med,test_r2
linear regression,correct,0.046233275672579406,0.19677292658926665,0.9536655199179838,0.5396953153444831,0.6754023971773949,0.45762984071772195
