regressor,targets,train_mse,train_med,train_r2,test_mse,test_med,test_r2
linear regression,correct,0.04778330706150401,0.20036613832241149,0.9520373668332166,0.5302268295155832,0.670496260768964,0.4631566515125026
