regressor,targets,train_mse,train_med,train_r2,test_mse,test_med,test_r2
linear regression,correct,0.04408240470963541,0.19173358929343967,0.9559323300731202,0.5883195056485149,0.7126722849436514,0.41174998960230585
