regressor,targets,train_mse,train_med,train_r2,test_mse,test_med,test_r2
linear regression,correct,0.045422885564081895,0.1947028502018832,0.9544806634798666,0.507686618550347,0.6607578088742739,0.4917858867941337
