regressor,targets,train_mse,train_med,train_r2,test_mse,test_med,test_r2
linear regression,correct,0.043269678159366,0.18928939153543764,0.9566262475686594,0.5676515926563293,0.6932604914447832,0.42922099634701927
