regressor,targets,train_mse,train_med,train_r2,test_mse,test_med,test_r2
linear regression,correct,0.04407692524305895,0.19170786367154655,0.9559377901354895,0.58846634315558,0.7127403869035088,0.4116212629516374
