regressor,targets,train_mse,train_med,train_r2,test_mse,test_med,test_r2
linear regression,correct,0.04326419150640699,0.18927686987201994,0.9566315341372067,0.5673558524400589,0.6930900709352928,0.42951373506439616
