regressor,targets,train_mse,train_med,train_r2,test_mse,test_med,test_r2
linear regression,correct,0.04735232697127857,0.19931259359978812,0.9523158736131407,0.5453758428028724,0.6831519645205961,0.45325808350671143
