regressor,targets,train_mse,train_med,train_r2,test_mse,test_med,test_r2
linear regression,correct,0.09131162603597448,0.2745890505644746,0.9081669946043238,6.114589263543275,0.8014407709280369,-4.816381032671764
