regressor,targets,train_mse,train_med,train_r2,test_mse,test_med,test_r2
linear regression,correct,0.041943798144888085,0.18736296278554188,0.9577936825221605,0.5614804869305695,0.6864593331471833,0.43415040292491713
