regressor,targets,train_mse,train_med,train_r2,test_mse,test_med,test_r2
linear regression,correct,0.03657984312061059,0.1743503241867169,0.9632424604016048,0.5258322527468754,0.6717951512677723,0.47429627736095403
