regressor,targets,train_mse,train_med,train_r2,test_mse,test_med,test_r2
linear regression,correct,0.036579154520410787,0.17434885330847555,0.9632436853070975,0.5257497913546136,0.6717446765792958,0.47438115801436
