regressor,targets,train_mse,train_med,train_r2,test_mse,test_med,test_r2
linear regression,correct,0.036157097119047195,0.17386687847247814,0.9638428595726393,0.5088016754746907,0.6674194906010085,0.4903610946712904
