regressor,targets,train_mse,train_med,train_r2,test_mse,test_med,test_r2
linear regression,correct,0.08413956871796714,0.2637244645612041,0.9152368470007114,3.02869627565862,0.7642655313209868,-2.0307819498474213
