regressor,targets,train_mse,train_med,train_r2,test_mse,test_med,test_r2
linear regression,correct,0.04194908604453857,0.18737693920117715,0.9577883185520344,0.5618058711849135,0.6866160071037458,0.4337839891681088
