regressor,targets,train_mse,train_med,train_r2,test_mse,test_med,test_r2
linear regression,correct,0.08747460916574384,0.2693930557812153,0.9118510437690632,27.226823087667125,0.9664704925804808,-27.898804937410684
