regressor,targets,train_mse,train_med,train_r2,test_mse,test_med,test_r2
linear regression,correct,0.09937578898722416,0.2870261535201352,0.9004423545777518,2.5830025278074995,0.8018438228673214,-1.6052092168142629
