regressor,targets,train_mse,train_med,train_r2,test_mse,test_med,test_r2
linear regression,correct,0.036148786327705094,0.1738479677324501,0.9638514240712337,0.5086361870915346,0.6673460301234603,0.4905267048646137
