regressor,targets,train_mse,train_med,train_r2,test_mse,test_med,test_r2
linear regression,correct,0.03614729474494581,0.17384749345308204,0.9638534128338436,0.5085330857503546,0.6672437354485149,0.4906448392188049
