regressor,targets,train_mse,train_med,train_r2,test_mse,test_med,test_r2
linear regression,correct,0.03918255030457894,0.1803190283182138,0.960647217249608,0.4914695897599052,0.645572634983063,0.5031210522434074
