regressor,targets,train_mse,train_med,train_r2,test_mse,test_med,test_r2
linear regression,correct,0.0391816836060907,0.18031696185762724,0.9606481020799079,0.49147013126680433,0.6455602355675353,0.5031200630336021
