regressor,targets,train_mse,train_med,train_r2,test_mse,test_med,test_r2
linear regression,correct,0.09705925702437335,0.2840359668432452,0.9026386612521112,0.6452174395281576,0.7317335841092117,0.35016770791882496
