regressor,targets,train_mse,train_med,train_r2,test_mse,test_med,test_r2
linear regression,correct,0.04080456146856308,0.18372340262245876,0.9590927391523704,0.562488634991421,0.6955336946823144,0.435590126764255
