regressor,targets,train_mse,train_med,train_r2,test_mse,test_med,test_r2
linear regression,correct,0.040802735000236845,0.1837314563123908,0.9590937816360781,0.5626139084419735,0.6956175585364918,0.435454560404867
