dims,MDS_kappa,MDS_spearman
1,0.5020833333333333,0.34467095288656135
2,0.6605151046892259,0.5533167662405593
3,0.7922019590668339,0.703156544041905
4,0.8031109112082417,0.7212554339845892
5,0.8418517639027779,0.7616931902654417
6,0.9178787443677239,0.8371565096034815
7,0.899966419530382,0.8100396082083571
8,0.8684022798750868,0.791133382764202
9,0.8626302925818718,0.7841914057231915
10,0.8466939842835837,0.76190163625873
