regressor,targets,train_mse,train_med,train_r2,test_mse,test_med,test_r2
zero baseline,correct,0.9999999999994151,0.9980380825703142,-5.398459457239824e-15,1.000000000000012,0.9980380825703142,-1.9012569296705806e-14
