regressor,targets,train_mse,train_med,train_r2,test_mse,test_med,test_r2
zero baseline,correct,1.0000000000005467,0.9957164736457252,-2.862154957483654e-14,0.999999999999768,0.9957164736457255,-1.1235457009206585e-14
linear regression,correct,0.01883950643736224,0.12740928688224604,0.9810349792817596,0.4182079817109875,0.6071674679607092,0.5765228637189846
