regressor,targets,train_mse,train_med,train_r2,test_mse,test_med,test_r2
zero baseline,correct,0.9999999999995929,0.9964148027160862,2.7570538444858053e-15,1.0000000000003184,0.9964148027160865,1.9724962404173613e-14
linear regression,correct,0.01172820740203389,0.1014092980783829,0.9882210947991416,0.4167779523005736,0.6175205411530247,0.5795992308464191
