regressor,targets,train_mse,train_med,train_r2,test_mse,test_med,test_r2
zero baseline,correct,1.0000000000005786,0.9904216320592416,-8.511709855459534e-15,1.0000000000006557,0.9904216320592412,1.1057821325266559e-13
linear regression,correct,0.017858752797847814,0.12028058926460376,0.9821647471020709,0.3657067714506793,0.5546578952178283,0.6295270147262403
