regressor,targets,train_mse,train_med,train_r2,test_mse,test_med,test_r2
zero baseline,correct,0.9999999999998275,0.997089742622264,-1.7446361815538174e-16,0.9999999999998593,0.9970897426222637,-1.5114893463825345e-14
linear regression,correct,0.019940485833422436,0.1328398427359239,0.979847696536923,0.46531232933057576,0.6504811807268558,0.517996576209262
