regressor,targets,train_mse,train_med,train_r2,test_mse,test_med,test_r2
zero baseline,correct,0.9999999999990037,0.9979961395272094,6.898925875020722e-14,1.000000000000641,0.9979961395272098,5.4489746048602684e-14
linear regression,correct,0.012894764367132052,0.10794583424062794,0.9869681119391677,0.4971910791308007,0.6810586503651074,0.4978097219654713
