regressor,targets,train_mse,train_med,train_r2,test_mse,test_med,test_r2
zero baseline,correct,1.0000000000010494,0.9904216320592408,-2.220446049250313e-16,0.9999999999994996,0.9904216320592412,-1.1916393797643346e-14
linear regression,correct,0.01087039473842065,0.09383198029203377,0.9891488661560309,0.34310079557889667,0.5362478611426214,0.6528549025489422
