regressor,targets,train_mse,train_med,train_r2,test_mse,test_med,test_r2
zero baseline,correct,0.9999999999999893,0.9977078243624296,-1.3211653993039363e-14,0.9999999999997257,0.9977078243624299,-2.325300446020467e-14
linear regression,correct,0.021014762048834748,0.13743450988980707,0.9784551367637631,0.5080548942871265,0.6849355977411609,0.46959934956081306
