regressor,targets,train_mse,train_med,train_r2,test_mse,test_med,test_r2
zero baseline,correct,1.0000000000011218,0.9642298891520125,1.7763568394002505e-14,0.9999999999999494,0.9642298891520126,3.3306690738754696e-16
linear regression,correct,0.010900487564801796,0.09053309046126357,0.9889517439998711,0.34502304519759147,0.5203827377579455,0.6487789188064204
