regressor,targets,train_mse,train_med,train_r2,test_mse,test_med,test_r2
zero baseline,correct,0.9999999999994191,0.9642298891520127,-1.554312234475219e-14,0.9999999999998372,0.9642298891520128,-1.167399510393352e-13
linear regression,correct,0.017639251756970935,0.11502461560093946,0.9821688928633461,0.3692713824240643,0.5270910628153056,0.626874085492018
