regressor,targets,train_mse,train_med,train_r2,test_mse,test_med,test_r2
zero baseline,correct,0.9999999999994271,0.9970897426222636,3.281502054213498e-14,0.9999999999995155,0.9970897426222638,-4.9373203937973034e-14
linear regression,correct,0.011952603251665916,0.10287719734564811,0.9879198835163278,0.4388915741400154,0.6361056372782407,0.5416103341330761
