regressor,targets,train_mse,train_med,train_r2,test_mse,test_med,test_r2
zero baseline,correct,1.0000000000002844,0.997526295937831,-2.901845430614003e-14,0.9999999999997574,0.9975262959378309,1.3461454173580023e-15
linear regression,correct,0.01231944569076716,0.10487773096014154,0.987571026450502,0.45796335863933163,0.6488830938532066,0.5311743192078566
