regressor,targets,train_mse,train_med,train_r2,test_mse,test_med,test_r2
zero baseline,correct,0.9999999999999103,0.9964148027160862,8.141635513917814e-16,1.0000000000002776,0.9964148027160865,1.0880185641326534e-14
linear regression,correct,0.019505005271170123,0.13070218217744128,0.9802399985679074,0.45724028728306754,0.6411475229440906,0.5366713740740493
