regressor,targets,train_mse,train_med,train_r2,test_mse,test_med,test_r2
zero baseline,correct,1.000000000000019,0.9979961395272093,2.7755575615628914e-14,0.9999999999999147,0.9979961395272098,-1.6975310046518644e-14
linear regression,correct,0.02124816561782806,0.1385330106525072,0.978382514665787,0.5170125504900825,0.6912451236212261,0.4766479271546217
