regressor,targets,train_mse,train_med,train_r2,test_mse,test_med,test_r2
zero baseline,correct,1.0000000000004747,0.99770782436243,-2.183438615096141e-14,0.9999999999998163,0.9977078243624297,-7.775261915791513e-14
linear regression,correct,0.0126881978167013,0.10679038531035637,0.9869995786864272,0.48265226223952173,0.6714723934775456,0.4932314355271879
