regressor,targets,train_mse,train_med,train_r2,test_mse,test_med,test_r2
zero baseline,correct,1.0000000000016511,0.9957164736457254,-6.930012119710228e-14,1.0000000000005387,0.9957164736457256,-3.9968028886505636e-16
linear regression,correct,0.01139947208923988,0.09919790587616886,0.9886010421039083,0.3944090093852837,0.5950907271668683,0.6003676654062949
