regressor,targets,train_mse,train_med,train_r2,test_mse,test_med,test_r2
zero baseline,correct,0.9999999999999998,0.8628116513292864,0.0,0.9999999999999999,0.8628116513292861,0.0
linear regression,correct,0.011148669612892419,0.0825013928615146,0.9888513303871076,0.40174479736169244,0.4823669444338899,0.5982552026383074
