regressor,targets,train_mse,train_med,train_r2,test_mse,test_med,test_r2
zero baseline,correct,0.9999999999997752,0.997526295937831,-1.8596235662471372e-15,0.9999999999999839,0.997526295937831,-2.5271451598030126e-14
linear regression,correct,0.020394860732669245,0.13489796477109534,0.9794410005671452,0.48323276276546057,0.662743245607732,0.5042923095802241
