regressor,targets,train_mse,train_med,train_r2,test_mse,test_med,test_r2
zero baseline,correct,0.9999999999999999,0.8628116513292862,0.0,1.0,0.8628116513292862,0.0
linear regression,correct,0.01812849003695231,0.10495781737772188,0.9818715099630477,0.426980819115964,0.48960185829044967,0.5730191808840359
