regressor,targets,train_mse,train_med,train_r2,test_mse,test_med,test_r2
zero baseline,correct,1.0000000000001334,0.9904726011871603,-3.5110803153770576e-15,1.0000000000000404,0.9904726011871601,8.261447081991946e-14
linear regression,correct,0.02251352199779003,0.14146905267907925,0.97718582841549,0.5851158969277408,0.7386336777695763,0.40023837282619046
