regressor,targets,train_mse,train_med,train_r2,test_mse,test_med,test_r2
zero baseline,correct,1.0000000000003322,0.983717876391618,3.774758283725532e-16,0.9999999999997387,0.9837178763916176,8.570921750106208e-14
linear regression,correct,0.019617974292869204,0.12980231086689842,0.9803329917198074,0.4618879666452793,0.6438638346938123,0.5313024898768788
