regressor,targets,train_mse,train_med,train_r2,test_mse,test_med,test_r2
zero baseline,correct,1.0000000000000417,0.9897215240673664,-5.249768873584669e-15,0.9999999999997831,0.9897215240673664,2.2838873649431793e-15
linear regression,correct,0.0214035367949829,0.1374320259146429,0.9782492364797459,0.5469243346789593,0.7098752698465448,0.42569176881172094
