regressor,targets,train_mse,train_med,train_r2,test_mse,test_med,test_r2
zero baseline,correct,1.0000000000005345,0.9269785198911022,0.0,1.0000000000001614,0.9269785198911022,-1.1102230246251565e-16
linear regression,correct,0.019440064886420444,0.11927959799992859,0.9801053956363454,0.3782925593520706,0.5097757555256727,0.6199198174601046
