regressor,targets,train_mse,train_med,train_r2,test_mse,test_med,test_r2
zero baseline,correct,1.0000000000012201,0.9935119750453164,5.797831350820262e-16,0.9999999999994706,0.9935119750453165,-1.211376677979893e-14
linear regression,correct,0.013866384118291943,0.11156920695291077,0.9860237754919249,0.5868113112847512,0.7501759848635174,0.3999905852443335
