regressor,targets,train_mse,train_med,train_r2,test_mse,test_med,test_r2
zero baseline,correct,0.9999999999996813,0.9935119750453165,-1.0670476847786227e-14,1.0000000000001965,0.9935119750453164,-1.8503717077085943e-16
linear regression,correct,0.023380761071509486,0.14476943358980524,0.9765367412765653,0.6247752933955282,0.7690682546164868,0.36289879439141337
