regressor,targets,train_mse,train_med,train_r2,test_mse,test_med,test_r2
zero baseline,correct,0.9999999999995342,0.9904726011871597,1.220135104063047e-13,0.9999999999999428,0.9904726011871603,2.456368441983159e-14
linear regression,correct,0.013313074432578644,0.1088845096175272,0.9864802965677664,0.5396742710750336,0.7145616661073132,0.4419405310382655
