regressor,targets,train_mse,train_med,train_r2,test_mse,test_med,test_r2
zero baseline,correct,1.0000000000004285,0.9861461347595071,-9.658940314238862e-15,0.9999999999998505,0.9861461347595071,1.4025817544431144e-14
linear regression,correct,0.02025987547349299,0.13279341566758554,0.9789300106917552,0.4873398471803541,0.6571149485560607,0.49448446399454543
