regressor,targets,train_mse,train_med,train_r2,test_mse,test_med,test_r2
zero baseline,correct,1.0000000000000002,0.8163146342425931,0.0,1.0000000000000004,0.816314634242593,0.0
linear regression,correct,0.019811798923731864,0.1069287276039984,0.9801882010762681,0.3852044744626132,0.4103404588397794,0.6147955255373869
