regressor,targets,train_mse,train_med,train_r2,test_mse,test_med,test_r2
zero baseline,correct,0.999999999999708,0.9837178763916178,1.9493295866368498e-13,1.0000000000015656,0.9837178763916176,1.3367085216486885e-14
linear regression,correct,0.011882375577977795,0.10098365878513708,0.9880766128106068,0.4252672752674001,0.6221757448808203,0.5667890674826445
