regressor,targets,train_mse,train_med,train_r2,test_mse,test_med,test_r2
zero baseline,correct,0.999999999999216,0.9269785198911027,-1.0869083411080283e-13,1.0000000000006957,0.9269785198911024,2.7755575615628914e-16
linear regression,correct,0.01100824903821202,0.0902101588300774,0.988642016465019,0.3247888336433691,0.4788871335192055,0.6710132154949094
