regressor,targets,train_mse,train_med,train_r2,test_mse,test_med,test_r2
zero baseline,correct,1.0000000000017242,0.9861461347595074,2.3314683517128287e-15,1.0000000000001075,0.9861461347595074,1.295260195396016e-16
linear regression,correct,0.01203993537392883,0.10255736764804799,0.987522476527534,0.4454261098029769,0.6349179036300431,0.5311181028388597
