regressor,targets,train_mse,train_med,train_r2,test_mse,test_med,test_r2
zero baseline,correct,1.0000000000000004,0.8163146342425931,0.0,1.0000000000000004,0.8163146342425928,0.0
linear regression,correct,0.010492572889734594,0.07891345206505145,0.9895074271102654,0.32729342971494824,0.39909546890082526,0.6727065702850519
