regressor,targets,train_mse,train_med,train_r2,test_mse,test_med,test_r2
zero baseline,correct,0.9999999999987816,0.9640203345987969,-1.4802973661668753e-16,1.0000000000003837,0.9640203345987967,1.1472304587793285e-15
linear regression,correct,0.011027998504167734,0.09406987120398337,0.9888919111513749,0.3435320321084058,0.5279630529178239,0.6474330138215091
