regressor,targets,train_mse,train_med,train_r2,test_mse,test_med,test_r2
zero baseline,correct,0.9999999999996542,0.9934747279829215,-5.3734794391857575e-15,0.9999999999999735,0.9934747279829214,-3.020916850005051e-14
linear regression,correct,0.023416960738838238,0.14553732787506027,0.9756657443916469,0.6553019988170035,0.795993098148088,0.29930251837323346
