regressor,targets,train_mse,train_med,train_r2,test_mse,test_med,test_r2
zero baseline,correct,0.9999999999999105,0.9934747279829215,-1.2789769243681804e-14,0.9999999999997538,0.9934747279829217,-2.760014439218139e-14
linear regression,correct,0.014004490276107702,0.11250216351440973,0.9854597112145338,0.6243798728425446,0.7780022653010551,0.3323396166191913
