regressor,targets,train_mse,train_med,train_r2,test_mse,test_med,test_r2
zero baseline,correct,1.0000000000007043,0.9640203345987967,3.700743415417188e-17,1.0000000000000109,0.9640203345987968,2.590520390792032e-16
linear regression,correct,0.018589782449502257,0.12197949746291457,0.981331524134005,0.37948812620137484,0.554940125769662,0.6072227144763819
