regressor,targets,train_mse,train_med,train_r2,test_mse,test_med,test_r2
zero baseline,correct,1.0000000000011107,0.9897215240673666,1.0727926483663656e-13,0.9999999999998181,0.9897215240673666,4.6026674535174345e-14
linear regression,correct,0.012644655290225945,0.10582909315507476,0.9871332320951761,0.4976106519905381,0.680978148904842,0.4770645630483667
