regressor,targets,train_mse,train_med,train_r2,test_mse,test_med,test_r2
linear regression,correct,0.5116728101300996,0.6703388556766712,0.4769743354170206,1.3305628274610746,1.0920945085582798,-0.35866106296897354
linear regression,shuffled,0.6228636270437491,0.7457861303427337,0.37966980194625655,1.6694712026551088,1.2406870801631182,-0.6658310122537932
random forest regression,correct,0.006178182413335072,0.04762347024428808,0.993649224257056,0.9010914251180986,0.9111571147099372,0.07572482403447223
random forest regression,shuffled,0.007644709225641266,0.05809328652876338,0.9924091564409623,1.2853773434149947,1.107860058279646,-0.2845837818008461
