regressor,targets,train_mse,train_med,train_r2,test_mse,test_med,test_r2
linear regression,correct,0.5217900104016475,0.6770425514371444,0.46738387312714536,1.3678828081630945,1.1015277227631288,-0.4001743692281597
linear regression,shuffled,0.5812514325534053,0.719088990736478,0.41562564262273965,1.5947400132105178,1.1931277025737117,-0.6023643141321237
random forest regression,correct,0.006900563139426586,0.052565950471712815,0.9929236624997377,0.9517445250606746,0.9308986305557858,0.028333524246683506
random forest regression,shuffled,0.008314789439457114,0.06002430447127785,0.9916759217675288,1.185236946518311,1.0655493791175483,-0.19208401407297826
