regressor,targets,train_mse,train_med,train_r2,test_mse,test_med,test_r2
lasso regression (beta = 0.02),correct,0.2917445949132022,0.5233689290893796,0.7015597944404057,0.6075004666129228,0.7532419450888431,0.38057948436575734
