regressor,targets,train_mse,train_med,train_r2,test_mse,test_med,test_r2
lasso regression (beta = 0.02),correct,0.14329766900919744,0.3330787894796635,0.8566498486950473,0.39469990169354396,0.5587234987023246,0.6031943831791693
