regressor,targets,train_mse,train_med,train_r2,test_mse,test_med,test_r2
lasso regression (beta = 0.02),correct,0.19215907720433817,0.4125212796659355,0.8060109377144589,0.4523972595186697,0.6334134982733327,0.5440335033189704
