regressor,targets,train_mse,train_med,train_r2,test_mse,test_med,test_r2
lasso regression (beta = 0.02),correct,0.1520842423634547,0.3359066696077897,0.8472862592304671,0.38573636180020643,0.5364729874415829,0.6136168414948271
