regressor,targets,train_mse,train_med,train_r2,test_mse,test_med,test_r2
lasso regression (beta = 0.02),correct,0.26811963643213876,0.5017645318876459,0.7169708017454819,0.5911729438898585,0.7425831271671587,0.36842981239388145
