regressor,targets,train_mse,train_med,train_r2,test_mse,test_med,test_r2
lasso regression (beta = 0.02),correct,0.21852945541831886,0.4464645120659773,0.7801504928462095,0.5265585373936885,0.6878442878469998,0.473861649773883
