regressor,targets,train_mse,train_med,train_r2,test_mse,test_med,test_r2
lasso regression (beta = 0.02),correct,0.28076394939581195,0.514165993479758,0.7143767850533826,0.6418320105796871,0.7755471919209617,0.34527737707620715
