regressor,targets,train_mse,train_med,train_r2,test_mse,test_med,test_r2
lasso regression (beta = 0.02),correct,0.18943612960801887,0.41007797120284706,0.8094171355376354,0.4466681454156547,0.6329708921560394,0.5479768190048869
