regressor,targets,train_mse,train_med,train_r2,test_mse,test_med,test_r2
lasso regression (beta = 0.02),correct,0.14044670054539515,0.2858223832270249,0.8595532994546048,0.4418499647869158,0.5140417016981752,0.5581500352130842
