regressor,targets,train_mse,train_med,train_r2,test_mse,test_med,test_r2
lasso regression (beta = 0.02),correct,0.14776488481105748,0.33389636096916586,0.8511049269308467,0.38554357517427584,0.5555545561853333,0.6110778142013642
