regressor,targets,train_mse,train_med,train_r2,test_mse,test_med,test_r2
zero baseline,correct,0.999999999999847,0.984807952500714,-5.181040781584064e-16,0.9999999999999141,0.9848079525007143,-1.554312234475219e-14
