regressor,targets,train_mse,train_med,train_r2,test_mse,test_med,test_r2
linear regression,correct,0.1896339520316005,0.8463357498674273,0.23556894231491377,0.2571432794964915,0.9851856481447853,-0.037180250593554676
linear regression,shuffled,0.215589950250155,0.9070229460528924,0.13805533687608423,0.2911662644820825,1.0598129043564586,-0.1648835357328226
random forest regression,correct,0.0026543018857497908,0.06713676804216391,0.9892315704588939,0.2413236254810421,0.9420831162492037,0.027074864719206504
random forest regression,shuffled,0.0033077817830469347,0.07849140131996,0.9868486901801442,0.3110244955015892,1.0881594343060348,-0.23522869936267032
