regressor,targets,data_set,mse,rmse,r2
linear regression,correct,training,0.13888530815673672,0.3726731921627,0.4420890182519109
linear regression,correct,test,0.31308096489397585,0.559536383887568,-0.25917491548414356
linear regression,shuffled,training,0.15419836550776156,0.3926809971309556,0.38308917329957537
linear regression,shuffled,test,0.3514904708506119,0.5928663178580917,-0.4059182394561279
random forest regression,correct,training,0.014588960666537133,0.12078477001069768,0.9415644812154812
random forest regression,correct,test,0.24689204947221233,0.4968823296035112,0.014035953554037445
random forest regression,shuffled,training,0.01655669489178973,0.12867282110760503,0.9336490704174812
random forest regression,shuffled,test,0.3053917041543114,0.5526225693493809,-0.22210001220865966
