regressor,targets,data_set,mse,rmse,r2
linear regression,correct,training,0.15496003982204604,0.39364964095251764,0.37924065866704415
linear regression,correct,test,0.29799706139393745,0.5458910709967122,-0.19545519982564713
linear regression,shuffled,training,0.16730321986889074,0.40902716275192624,0.3299213908750047
linear regression,shuffled,test,0.3274349907344388,0.572219355434993,-0.3097556904321636
random forest regression,correct,training,0.016936506981821347,0.13014033572194805,0.932186819567085
random forest regression,correct,test,0.24850682706719687,0.498504590818577,0.008303694565169273
random forest regression,shuffled,training,0.01877900670842146,0.13703651596717373,0.9246512444375101
random forest regression,shuffled,test,0.306817462664689,0.553911060247662,-0.2293002592200371
