regressor,targets,data_set,mse,rmse,r2
linear regression,correct,training,0.20506159710578223,0.4528372744218195,0.17713817989032404
linear regression,correct,test,0.2485759799045065,0.49857394627528073,0.0007685753449908073
linear regression,shuffled,training,0.22663212732149934,0.47605895361971645,0.09471347649003103
linear regression,shuffled,test,0.2711917892543075,0.5207607792972773,-0.08300149949617741
random forest regression,correct,training,0.027966752817442226,0.1672326308393258,0.8876958746230155
random forest regression,correct,test,0.2553654355198777,0.5053369524583352,-0.022616386378684572
random forest regression,shuffled,training,0.030869849432680056,0.1756981770898038,0.8763772657578184
random forest regression,shuffled,test,0.2929865103769184,0.5412822834500668,-0.1698648461265499
