regressor,targets,data_set,mse,rmse,r2
linear regression,correct,training,0.18203077377437055,0.4266506460494002,0.26597638750326175
linear regression,correct,test,0.2582124982151007,0.5081461386403529,-0.04236498634596031
linear regression,shuffled,training,0.20921131794878012,0.4573962373574799,0.16408993799835703
linear regression,shuffled,test,0.29292405378846736,0.5412245871987592,-0.16995777237204712
random forest regression,correct,training,0.016625097734375392,0.12893834857937103,0.9328169885563569
random forest regression,correct,test,0.2396754800419587,0.4895666247222728,0.03472764534770234
random forest regression,shuffled,training,0.020608504240467937,0.1435566238125846,0.917630697024775
random forest regression,shuffled,test,0.3003524627707178,0.5480442160726795,-0.19609610913076236
