configuration,kendall_Euclidean_fixed,kendall_Euclidean_optimized,kendall_InnerProduct_fixed,kendall_InnerProduct_optimized,kendall_Manhattan_fixed,kendall_Manhattan_optimized,loss,berlin_loss,sketchy_loss,classification_loss,berlin_weighted_acc,sketchy_weighted_acc
c1.0_r0.0_m0.0_b16_w0.0005_v0.0_eTrue_dFalse_n0.1_mean_4,0.20840566749762596,0.20923505641274165,0.23671924949686693,0.19917794367084368,0.2056438252329646,0.2137682732807567,4.069137447506554,2.5640872287887135,1.3730509142608058,1.9753946678272318,0.3933095895148054,0.6752080255643446
c1.0_r0.0_m0.0_b256_w0.0005_v0.0_eTrue_dFalse_n0.1_mean_4,0.217571955709471,0.28541800370484804,0.2689148122444802,0.2656625466524721,0.21794028835932328,0.28629275958350675,3.4668805128688716,1.9628875077500936,1.071629228716724,1.5181523152709007,0.518704239502245,0.7485890572675638
c1.0_r0.0_m0.0_b32_w0.0005_v0.0_eTrue_dFalse_n0.1_mean_4,0.2106792275358177,0.22467760706427914,0.23229592939156246,0.191859001627751,0.20765536266499807,0.2202951100470586,3.8068997653236196,2.3691170830840313,1.2542996618986435,1.8134598655530385,0.43026821558451167,0.6990091622932528
c1.0_r0.0_m0.0_b64_w0.0005_v0.0_eTrue_dFalse_n0.1_mean_4,0.2133571442534008,0.24664593225065296,0.2567214613765848,0.2184057244207887,0.21494951077650426,0.24337303594846663,3.536598875616278,2.0052028806689934,1.1215569584154963,1.5648566621419728,0.5107659949977787,0.7426676761900891
c1.0_r0.0_m0.0_b128_w0.0005_v0.0_eTrue_dFalse_n0.1_mean_4,0.2055146086052701,0.23448355881675287,0.26913878773248395,0.24866293689679445,0.20603330242189416,0.23769345768062372,3.452705790418265,1.9690126139490403,1.0783823025072108,1.5247011132916017,0.5168487949559883,0.746843625690864
