configuration,kendall_Euclidean_fixed,kendall_Euclidean_optimized,kendall_InnerProduct_fixed,kendall_InnerProduct_optimized,kendall_Manhattan_fixed,kendall_Manhattan_optimized,loss,berlin_loss,sketchy_loss,classification_loss,berlin_weighted_acc,sketchy_weighted_acc
c1.0_r0.0_m0.0_b512_w0.0005_v0.0_eTrue_dFalse_n0.55_mean_4,0.15876142226849116,0.2177768002471277,0.19870789432823363,0.2199561576237062,0.15739616375769921,0.22136966535036548,5.4625450729462575,4.998486496074107,1.4853748423139659,3.227900456565375,0.04346981065568267,0.6095658629998868
c1.0_r0.0_m0.0_b512_w0.0005_v0.0_eTrue_dFalse_n0.25_mean_4,0.21638003021037422,0.3126991164872179,0.25933999065416685,0.2639994335684039,0.2143412789734172,0.31468138856932987,3.5557044822391197,2.097289896108596,1.0176342838323846,1.5573345930986258,0.487530336551277,0.7500374088444273
