regressor,targets,train_mse,train_med,train_r2,test_mse,test_med,test_r2
zero baseline,correct,0.9999999999998568,0.9982465327239757,-6.784696261598178e-16,1.000000000000049,0.9982465327239755,1.7146777824766307e-15
