regressor,targets,train_mse,train_med,train_r2,test_mse,test_med,test_r2
linear regression,correct,0.49903403251841194,0.6550063220591553,0.4890698968619468,1.2835739511397368,1.0601749991358902,-0.3164380618392904
linear regression,shuffled,0.5892891178562009,0.7133881281084222,0.3992732984502161,1.6916245312107374,1.2054541064696833,-0.7081553735151318
random forest regression,correct,0.006948460554824945,0.05167118497832846,0.9927482645672361,0.905149421471575,0.8922678284499288,0.08118031736694672
random forest regression,shuffled,0.008234424919911628,0.059397134525211545,0.9915807743287268,1.18938272469489,1.0403006040987737,-0.20883648875368915
