regressor,targets,train_mse,train_med,train_r2,test_mse,test_med,test_r2
linear regression,correct,0.48441228879280007,0.6459591771336718,0.5021827310160145,1.230226194524934,1.0448703667525907,-0.261298877479849
linear regression,shuffled,0.6170975525733913,0.729215787812003,0.3855927943689453,1.6066775464728187,1.1989088996189736,-0.6057804679217693
random forest regression,correct,0.005829071954089898,0.046346831749500265,0.9939240831701828,0.855602394730308,0.8721390912540087,0.11740925959701995
random forest regression,shuffled,0.007085421792127715,0.053930802377703146,0.9929679972381709,1.176558504382157,1.0343669732486298,-0.147689920102058
