configuration,fold,kendall_Euclidean_fixed,kendall_Euclidean_optimized,kendall_InnerProduct_fixed,kendall_InnerProduct_optimized,kendall_Manhattan_fixed,kendall_Manhattan_optimized,loss,berlin_loss,sketchy_loss,classification_loss,berlin_weighted_acc,sketchy_weighted_acc
c1.0_r0.0_m0.0_b512_w0.0005_v0.0_eFalse_dFalse_n0.1_mean_4,2,0.22146359507445892,0.3429659347948066,0.24871916698875915,0.23916648855284514,0.2184850865451785,0.33260635273926914,4.491952294537,2.8262775803606264,1.5796626353263854,2.2037952291466754,0.3542509052875091,0.6326824394020499
c1.0_r0.0_m0.0_b512_w0.0005_v0.0_eFalse_dFalse_n0.1_mean_4,1,0.20208371135721295,0.2770332286652001,0.25313341582575577,0.24026224356114204,0.20041955781872367,0.27990999528010907,4.4613198690901,2.8355149162611424,1.5716185941842138,2.2043982225230763,0.33948632258663375,0.6267185465079181
c1.0_r0.0_m0.0_b512_w0.0005_v0.0_eFalse_dFalse_n0.1_mean_4,4,0.22861227658842415,0.32402326868669074,0.2518569121703499,0.23865476950976752,0.229779141893059,0.3082889275692225,4.5707732968598,2.8618028018254114,1.6147878452953026,2.2378861699846326,0.34276642777360217,0.6216876205911441
c1.0_r0.0_m0.0_b512_w0.0005_v0.0_eFalse_dFalse_n0.1_mean_4,0,0.18595382160925192,0.31667943738266413,0.2538643381642295,0.2325233341245089,0.18611958435387008,0.31818584770439057,4.618113229581288,2.7762097216634225,1.6435186629550798,2.2124526764786974,0.3697400029903772,0.6348155632937441
c1.0_r0.0_m0.0_b512_w0.0005_v0.0_eFalse_dFalse_n0.1_mean_4,3,0.2279257316776435,0.35480806153801103,0.26309614834284484,0.24707246693882068,0.2299227159238306,0.350205848727312,4.507283174668039,2.801212498281206,1.580120959410862,2.191030646500539,0.3614634610633461,0.6345907594807902
