regressor,targets,train_mse,train_med,train_r2,test_mse,test_med,test_r2
linear regression,correct,0.5236006546562464,0.6789160509539841,0.47727431341125637,1.3600119597263225,1.100091450848708,-0.36720078051523863
linear regression,shuffled,0.5806290085096425,0.7196630818584042,0.41982076501613863,1.6057971648834064,1.19863018700874,-0.6002110664382891
random forest regression,correct,0.006866149914582009,0.05215953330181357,0.9931486778220721,0.9372411492655119,0.9297066783590114,0.06464586621733026
random forest regression,shuffled,0.008607118192833461,0.0609058675267476,0.991392958779616,1.1916126084414427,1.0720953528536383,-0.193650472814051
