regressor,targets,train_mse,train_med,train_r2,test_mse,test_med,test_r2
linear regression,correct,0.5135303051066582,0.6718243156233505,0.4871038486327668,1.317781592315963,1.088566648224756,-0.3188024354168393
linear regression,shuffled,0.6016708492482361,0.7315484346599086,0.4006399131020557,1.6060986001484845,1.211614691098332,-0.5981225136714428
random forest regression,correct,0.005918885377736634,0.04727679767334375,0.994068465926581,0.8913039107009355,0.9118347370608211,0.10624768194558568
random forest regression,shuffled,0.007293550131801045,0.05539656486653539,0.9927353047882019,1.2253440592682223,1.0817306922287326,-0.215898628241243
