scoring,pearson,spearman,kendall,r2_linear,r2_isotonic
Cosine,0.5919439672337242,0.26058139073207176,0.17742795253381385,0.3503976603444007,0.48912149872311494
Euclidean,0.624644335404535,0.25357332933175064,0.17151438735485122,0.39018054575297334,0.4709883175580376
Manhattan,0.6480293193908531,0.28258585862974495,0.19167452894220238,0.41994199879017213,0.4810608616724681
