n_dims,scoring,pearson,spearman,kendall,r2_linear,r2_isotonic
4,Cosine,0.6550539923244131,0.6874989796955213,0.5004674262254089,0.4290957328601521,0.7248987477479927
4,Euclidean,0.775336825347023,0.7433826997445303,0.550813435063306,0.6011471927391999,0.7590885914394222
4,Manhattan,0.7366690415774038,0.7020945905632675,0.5123623201610789,0.5426812768185709,0.7332850617785305
