n_dims,scoring,weights,pearson,spearman,kendall,r2_linear,r2_isotonic
4,Euclidean,fixed,0.7389079570024363,0.7309688622841647,0.5365500604022312,0.5459849689215142,0.5802633571969118
4,Euclidean,optimized,0.7406185402720369,0.7335920603747221,0.5406007261589327,0.5488682959946266,0.6128723655809601
4,Manhattan,fixed,0.6971913561838277,0.6876834396582989,0.49687322976270737,0.4860757871374449,0.5351026460034376
4,Manhattan,optimized,0.7034423936575592,0.6980228822868543,0.5071538124252031,0.49528162926385305,0.5752271009664933
4,inner product,fixed,0.6769859346846757,0.6810542706153981,0.49146704987064477,0.45830995576088385,0.5035823315360375
4,inner product,optimized,0.686190191305849,0.6907118969427399,0.5016693586334962,0.47153145827773735,0.5488579779800301
